{"cameraMode":{"drawMode":0,"name":"Shaded","section":"Shading Mode"},"sceneLighting":true,"audioPlay":false,"sceneViewState":{"showFog":true,"showMaterialUpdate":false,"showSkybox":true,"showFlares":true,"showImageEffects":true,"showParticleSystems":true},"in2DMode":false,"pivot":{"x":71.16708374023438,"y":76.36019897460938,"z":72.6527099609375},"rotation":{"x":-0.12294655293226242,"y":-0.02949095144867897,"z":0.0036563680041581394,"w":-0.9919683337211609},"size":683.7761840820313,"orthographic":false}